location,new_cases,new_deaths,stringency_index,population,population_density,median_age,aged_65_older,aged_70_older,gdp_per_capita,extreme_poverty,cvd_death_rate,diabetes_prevalence,female_smokers,male_smokers,handwashing_facilities,hospital_beds_per_thousand,DaysTotal_Days
Afghanistan,26310,491,42.1470625000001,38928341,54.4219999999998,18.5999999999999,2.581,1.337,1803.987,,597.028999999999,9.58999999999998,,,37.7460000000001,0.5,160
Albania,1672,37,79.9300000000001,2877800,104.871,38,13.188,8.643,11803.431,1.1,304.195,10.08,7.10000000000001,51.1999999999999,,2.88999999999999,101
Algeria,11147,788,44.8863636363636,43851043,17.348,29.1,6.21100000000001,3.85700000000001,13913.839,0.5,278.364000000001,6.73000000000001,0.700000000000002,30.4,83.741,1.9,165
Andorra,854,52,44.3003125,77265,163.755,,,,,,109.135,7.97000000000002,29,37.8000000000001,,,96
Angola,142,6,77.4297727272726,32866268,23.89,16.8,2.405,1.362,5819.495,,276.044999999999,3.94,,,26.664,,88
Anguilla,3,0,0,15002,,,,,,,,,,,,,83
Antigua and Barbuda,26,3,0,97928,231.845,32.0999999999999,6.93299999999999,4.63099999999999,21490.943,,191.511,13.17,,,,3.80000000000001,90
Argentina,34146,878,77.1490291262135,45195777,16.177,31.9000000000001,11.198,7.441,18933.907,0.600000000000001,191.032,5.5,16.2,27.7,,5,103
Armenia,17489,293,0,2963234,102.931,35.6999999999999,11.232,7.571,8787.58000000001,1.80000000000001,341.01,7.11,1.5,52.1000000000002,94.0429999999998,4.20000000000001,161
Aruba,101,3,61.1548275862068,106766,584.800000000001,41.1999999999999,13.085,7.452,35973.781,,,11.62,,,,,87
Australia,7347,102,38.742705882353,25499881,3.202,37.8999999999999,15.5039999999999,10.129,44648.71,0.5,107.791,5.07000000000002,13,16.5,,3.84,170
Austria,17098,681,37.8765294117648,9006400,106.749,44.3999999999999,19.2020000000001,13.748,45436.6859999999,0.700000000000002,145.183000000001,6.35000000000001,28.4,30.9,,7.36999999999998,170
Azerbaijan,10662,126,48.4277300613496,10139175,119.309,32.4,6.01800000000001,3.87099999999999,15847.419,0,559.812000000001,7.11,0.299999999999999,42.5,83.241,4.70000000000001,163
Bahamas,104,11,0,393248,39.4969999999999,34.3,8.99599999999999,5.19999999999999,27717.847,,235.954,13.17,3.1,20.4,,2.9,92
Bahrain,19553,47,44.5540828402367,1701583,1935.90700000001,32.4,2.37200000000001,1.387,43290.7050000001,,151.689,16.52,5.79999999999998,37.6000000000001,,2,169
Bangladesh,94481,1262,73.8990566037737,164689383,1265.036,27.5,5.09800000000001,3.262,3523.984,14.8,298.003,8.38,1,44.6999999999999,34.808,0.799999999999998,106
Barbados,97,7,71.0545652173912,287371,664.463000000001,39.8000000000001,14.952,9.47299999999999,16978.068,,170.05,13.57,1.9,14.5,88.469,5.80000000000001,92
Belarus,55369,318,7.02564705882353,9449321,46.8580000000001,40.3000000000001,14.799,9.78800000000001,17167.967,,443.129000000001,5.17999999999998,10.5,46.1000000000001,,11,170
Belgium,60155,9663,43.5724705882353,11589616,375.563999999999,41.8000000000001,18.5709999999999,12.849,42658.5760000001,0.2,114.898,4.29,25.1,31.4,,5.63999999999999,170
Belize,21,2,66.1725581395349,397621,16.426,25,3.853,2.279,7824.362,,176.957,17.11,,,90.0829999999999,1.3,86
Benin,532,9,54.7878494623655,12123198,99.1099999999999,18.8,3.244,1.942,2064.236,49.6,235.848,0.989999999999999,0.600000000000001,12.3,11.035,0.5,93
Bermuda,144,9,68.0866666666667,62273,1308.82,,,,50669.315,,139.547,13,,,,,90
Bhutan,67,0,70.3334375,771612,21.188,28.5999999999999,4.88499999999999,2.977,8708.59699999999,1.5,217.066,9.75,,,79.8069999999998,1.7,96
Bolivia,19883,659,82.0689795918368,11673029,10.202,25.4,6.70399999999999,4.39299999999999,6885.82900000002,7.10000000000001,204.299,6.88999999999999,,,25.383,1.1,98
Bonaire Sint Eustatius and Saba,7,0,0,26221,,,,,,,,,,,,,77
Bosnia and Herzegovina,3040,165,76.43,3280815,68.4960000000001,42.5,16.569,10.711,11713.895,0.2,329.634999999999,10.08,30.2,47.6999999999999,97.164,3.5,97
Botswana,60,1,65.0275641025641,2351625,4.044,25.8,3.941,2.242,15807.374,,237.372,4.81,5.69999999999999,34.4,,1.8,78
Brazil,923189,45241,40.1753529411766,212559409,25.04,33.5,8.55199999999998,5.05999999999998,14103.452,3.39999999999999,177.961,8.10999999999998,10.1,17.9000000000001,,2.19999999999999,170
British Virgin Islands,8,1,0,30237,207.973,,,,,,,13.67,,,,,83
Brunei,141,3,49.7467676767676,437483,81.3469999999999,32.4000000000001,4.591,2.382,71809.2510000001,,201.285,12.79,2,30.9000000000001,,2.69999999999999,99
Bulgaria,3453,181,58.1212999999999,6948445,65.1800000000001,44.6999999999999,20.801,13.272,18563.307,1.5,424.688,5.81,30.0999999999999,44.4,,7.45399999999999,100
Burkina Faso,895,53,63.8701030927835,20903278,70.1509999999999,17.6,2.409,1.358,1703.102,43.6999999999999,269.048,2.41999999999999,1.6,23.9,11.877,0.399999999999999,97
Burundi,104,1,19.1939743589744,11890781,423.062000000001,17.5,2.562,1.504,702.224999999999,71.6999999999999,293.068,6.05000000000001,,,6.144,0.799999999999999,78
Cambodia,128,0,31.3385714285714,16718971,90.6720000000001,25.5999999999999,4.412,2.38499999999999,3645.07,,270.892,4,2,33.6999999999999,66.2289999999999,0.799999999999998,161
Cameroon,9864,276,56.8368041237113,26545864,50.8850000000001,18.8,3.165,1.919,3364.926,23.8,244.661,7.20000000000001,,,2.73500000000001,1.3,97
Canada,99456,8213,38.2339411764706,37742157,4.037,41.3999999999999,16.984,10.797,44017.591,0.5,105.599,7.36999999999998,12,16.5999999999999,,2.5,170
Cape Verde,781,7,70.2980898876404,555988,135.58,25.7,4.45999999999999,3.43700000000001,6222.554,,182.219,2.42,2.1,16.5,,2.1,89
Cayman Islands,193,1,0,65720,256.496,,,,49903.0290000001,,,13.22,,,,,90
Central African Republic,2410,14,59.9902127659575,4829764,7.47900000000001,18.3,3.65499999999999,2.251,661.24,77.7,435.727,6.10000000000001,,,16.603,1,94
Chad,853,74,63.1063333333333,16425859,11.833,16.7,2.486,1.446,1768.153,38.4000000000001,280.995,6.10000000000001,,,5.818,,90
Chile,184449,3383,61.3588571428571,19116209,24.282,35.4000000000001,11.087,6.93799999999999,22767.037,1.3,127.993,8.46000000000001,34.1999999999999,41.5,,2.11000000000001,105
China,84422,4644,60.4641764705882,1439323774,147.674,38.6999999999999,10.641,5.92899999999998,15308.712,0.700000000000002,261.899,9.74000000000001,1.9,48.3999999999999,,4.34,170
Colombia,54931,1801,68.9512380952381,50882884,44.223,32.1999999999999,7.64599999999999,4.31200000000001,13254.949,4.5,124.24,7.44000000000002,4.69999999999999,13.5,65.3860000000002,1.71,105
Comoros,197,3,0,869595,437.352,20.4,2.963,1.726,1413.89,18.1,261.516,11.88,4.4,23.6,15.574,2.2,47
Congo,883,27,74.8423404255319,5518092,15.405,19,3.40199999999999,2.063,4881.406,37,344.094,7.2,1.7,52.3000000000001,47.964,,94
Costa Rica,1769,12,63.9153921568627,5094114,96.0789999999999,33.5999999999999,9.46799999999999,5.694,15524.995,1.3,137.973,8.77999999999998,6.39999999999999,17.4,83.8410000000001,1.13,102
Cote d'Ivoire,5679,46,65.6658333333334,26378275,76.3990000000001,18.7,2.933,1.582,3601.006,28.2,303.740000000001,2.41999999999999,,,19.3510000000001,,96
Croatia,2255,107,45.6268823529413,4105268,73.7260000000001,44,19.724,13.053,22669.7969999999,0.700000000000002,253.781999999999,5.59000000000001,34.3000000000001,39.8999999999999,,5.53999999999999,170
Cuba,2273,84,71.2383157894737,11326616,110.408,43.0999999999999,14.738,9.71900000000002,,,190.968,8.26999999999999,17.1,53.3000000000001,85.1980000000001,5.19999999999999,95
Curacao,22,1,0,164100,362.644,41.6999999999999,16.367,10.068,,,,11.62,,,,,86
Cyprus,985,18,78.7112244897958,875899,127.657,37.3000000000001,13.416,8.56299999999999,32415.1320000001,0,141.171,9.24000000000001,19.6,52.6999999999999,,3.4,98
Czech Republic,10111,331,37.0536470588236,10708982,137.176,43.3000000000001,19.027,11.58,32605.9060000001,0,227.485,6.82000000000001,30.5,38.3000000000001,,6.63000000000001,170
Democratic Republic of Congo,4974,112,68.0730927835053,89561404,35.8789999999999,17,3.02,1.745,808.133000000001,77.1000000000001,318.949,6.10000000000001,,,4.47199999999999,,97
Denmark,12250,598,37.8807058823529,5792203,136.52,42.3000000000001,19.677,12.325,46682.5149999999,0.2,114.767,6.41,19.3,18.8,,2.5,170
Djibouti,4539,43,70.298021978022,988002,41.2849999999999,25.4,4.213,2.38,2705.406,22.5,258.037,6.05,1.7,24.5,,1.4,91
Dominica,18,0,67.1686206896551,71991,98.567,,,,9673.367,,227.376,11.62,,,,3.80000000000001,87
Dominican Republic,23686,615,47.9341614906833,10847904,222.873,27.6,6.981,4.41899999999999,14600.861,1.6,266.652999999999,8.20000000000002,8.5,19.0999999999999,55.1819999999999,1.6,161
Ecuador,47943,3970,47.8966666666666,17643060,66.9390000000002,28.1,7.10400000000002,4.458,10581.936,3.60000000000001,140.448,5.54999999999998,2,12.3,80.6350000000002,1.5,165
Egypt,47856,1766,41.5165060240965,102334403,97.9989999999998,25.3000000000001,5.15899999999999,2.89100000000001,10550.206,1.3,525.432000000001,17.31,0.2,50.1000000000002,89.8269999999998,1.6,166
El Salvador,3941,78,87.8913186813187,6486201,307.811,27.6,8.27300000000001,5.41699999999999,7292.45799999999,2.2,167.295,8.87,2.5,18.8,90.6499999999999,1.3,91
Equatorial Guinea,1306,12,0,1402985,45.194,22.4,2.846,1.752,22604.873,,202.812,7.77999999999998,,,24.64,2.1,95
Eritrea,121,0,83.5134090909093,3546427,44.3040000000001,19.3,3.607,2.171,1510.459,,311.11,6.05000000000001,0.2,11.4,,0.700000000000001,88
Estonia,1975,69,33.2027647058824,1326539,31.033,42.6999999999999,19.4520000000001,13.491,29481.252,0.5,255.569000000001,4.01999999999999,24.5,39.3000000000001,,4.69000000000002,170
Ethiopia,3630,61,63.5642708333334,114963583,104.957,19.8,3.52600000000001,2.063,1729.927,26.7,182.634,7.47000000000002,0.399999999999999,8.5,7.96000000000001,0.3,96
Faeroe Islands,187,0,0,48865,35.308,,,,,,,,,,,,90
Falkland Islands,13,0,0,3483,,,,,,,,,,,,,75
Fiji,18,0,76.3163333333333,896444,49.5619999999999,28.6,6.224,3.284,8702.97499999999,1.4,412.82,14.49,10.2,34.8,,2.3,90
Finland,7112,326,33.8198823529412,5540718,18.136,42.8000000000001,21.228,13.264,40585.7209999999,,153.507,5.75999999999999,18.3,22.5999999999999,,3.27999999999999,170
France,157716,29547,48.6761176470588,65273512,122.578,42,19.718,13.079,38605.6710000001,0,86.0599999999999,4.76999999999999,30.1,35.6000000000001,,5.98000000000001,170
French Polynesia,60,0,0,280904,77.3239999999999,32.7,7.77499999999999,4.593,,,,22.6300000000001,,,,,91
Gabon,4114,29,68.9001041666666,2225728,7.85900000000001,23.1,4.44999999999999,2.976,16562.413,3.4,259.967,7.20000000000001,,,,6.3,96
Gambia,34,1,68.3759782608694,2416664,207.566,17.5,2.339,1.417,1561.767,10.1,331.43,1.91,0.700000000000001,31.2,7.87599999999999,1.1,92
Georgia,888,14,55.7664670658682,3989175,65.0319999999999,38.6999999999999,14.864,10.244,9745.07899999998,4.20000000000001,496.217999999999,7.11,5.29999999999999,55.5,,2.60000000000001,167
Germany,187184,8830,38.2633529411765,83783945,237.016,46.6000000000001,21.453,15.957,45229.2450000001,0,156.139,8.30999999999997,28.1999999999999,33.1,,8,170
Ghana,12193,58,61.3818749999999,31072945,126.719,21.1,3.38499999999999,1.948,4227.63,12,298.245,4.97000000000001,0.3,7.70000000000001,41.047,0.900000000000001,96
Gibraltar,176,0,0,33691,3457.1,,,,,,,,,,,,90
Greece,3148,185,41.0349411764707,10423056,83.4789999999998,45.3000000000001,20.3960000000001,14.5239999999999,24574.3820000001,1.5,175.695,4.54999999999999,35.3000000000001,52,,4.21,170
Greenland,13,0,64.66,56772,0.137,,,,,,199.941,2.16,,,,,90
Grenada,23,0,0,112519,317.132,29.4,7.30399999999999,5.021,13593.877,,243.964,10.71,,,,3.69999999999999,87
Guam,188,5,60.621868131868,168783,304.128,31.4,9.55100000000001,5.493,,,310.495999999999,21.52,,,,,91
Guatemala,10706,418,84.6709473684212,17915567,157.834,22.9,4.694,3.016,7423.808,8.70000000000001,155.898,10.18,,,76.665,0.600000000000001,95
Guernsey,252,13,0,67052,,,,,,,,,,,,,90
Guinea,4639,26,70.1530526315788,13132792,51.7550000000001,19,3.135,1.733,1998.926,35.3000000000001,336.717,2.42,,,17.45,0.3,95
Guinea-Bissau,1492,15,0,1967998,66.1909999999999,19.4,3.002,1.565,1548.675,67.1000000000001,382.473999999999,2.42,,,6.40300000000001,,83
Guyana,171,12,78.2461052631578,786559,3.952,26.3,5.30500000000001,2.837,7435.04700000001,6.5,373.159,11.62,,,77.1589999999999,1.6,95
Haiti,4547,80,67.2935555555555,11402533,398.448,24.3,4.80000000000001,2.954,1653.173,23.5,430.548,6.64999999999999,2.9,23.1,22.863,0.700000000000001,90
Honduras,9656,330,87.6639583333333,9904608,82.8050000000001,24.9,4.65199999999999,2.883,4541.795,16,240.208,7.21,2,,84.1689999999999,0.700000000000001,96
Hong Kong,0,0,54.3007142857143,7496988,7039.714,44.8,16.303,10.158,56054.92,,,8.33,,,,,14
Hungary,4078,567,56.9074528301887,9660350,108.043,43.4,18.577,11.976,26777.561,0.5,278.295999999999,7.54999999999999,26.8,34.8000000000001,,7.01999999999999,106
Iceland,1812,10,29.1335882352941,341250,3.404,37.3000000000001,14.431,9.20700000000003,46482.9579999999,0.2,117.992,5.30999999999998,14.3,15.2,,2.91000000000001,170
India,354065,11903,52.25,1380004385,450.419,28.1999999999999,5.98900000000001,3.41399999999999,6426.674,21.1999999999999,282.279999999999,10.39,1.9,20.5999999999999,59.55,0.530000000000001,169
Indonesia,40400,2231,43.1042331288344,273523621,145.725,29.3000000000001,5.31899999999999,3.053,11188.744,5.70000000000002,342.864000000001,6.32000000000002,2.80000000000001,76.1000000000002,64.2039999999999,1.04,163
Iran,192439,9065,33.6058235294117,83992953,49.8310000000001,32.3999999999999,5.44000000000002,3.18200000000001,19082.6200000001,0.2,270.308,9.58999999999998,0.799999999999999,21.0999999999999,,1.5,170
Iraq,22700,712,57.0390476190476,40222503,88.125,20,3.18599999999999,1.957,15663.986,2.5,218.612,8.82999999999999,,,94.5759999999996,1.4,168
Ireland,25334,1709,46.8225443786982,4937796,69.8739999999998,38.6999999999999,13.928,8.67800000000003,67335.2929999998,0.2,126.459,3.27999999999999,23,25.6999999999999,,2.95999999999999,169
Isle of Man,336,24,0,85032,147.872,,,,,,,,,,,,89
Israel,19637,303,45.3752352941176,8655541,402.606,30.6,11.733,7.359,33132.32,0.5,93.3199999999998,6.74000000000001,15.4,35.3999999999999,,2.99000000000001,170
Italy,237500,34405,52.718705882353,60461828,205.859,47.8999999999999,23.0210000000001,16.2399999999999,35220.0839999999,2,113.151,4.77999999999998,19.8000000000001,27.8000000000001,,3.18,170
Jamaica,621,10,77.4349484536082,2961161,266.879000000001,31.4,9.68399999999999,6.38999999999999,8193.571,1.8,206.537,11.28,5.30000000000001,28.5999999999999,66.4250000000001,1.7,97
Japan,17628,931,29.5202352941176,126476458,347.777999999999,48.1999999999999,27.049,18.493,39002.2230000001,0.2,79.3700000000003,5.72000000000002,11.2,33.6999999999999,,13.05,170
Jersey,316,30,0,101073,,,,,,,,,,,,,90
Jordan,981,9,76.1457731958762,10203140,109.285,23.2,3.81,2.361,8337.48999999999,0.1,208.257,11.75,,,,1.4,97
Kazakhstan,15542,88,79.8808247422681,18776707,6.681,30.5999999999999,6.99099999999999,4.625,24055.588,0.1,466.792000000001,7.11000000000001,7,43.0999999999999,98.9989999999998,6.7,97
Kenya,3860,105,76.7469230769233,53771300,87.3239999999999,20,2.686,1.528,2993.028,36.8000000000001,218.637,2.92,1.2,20.4,24.651,1.4,104
Kosovo,1486,33,81.9534042553192,1932774,168.155,,,,9795.83400000001,0.600000000000001,,,,,,,94
Kuwait,36958,303,50.8879041916168,4270563,232.128,33.6999999999999,2.34500000000001,1.114,65530.5369999999,,132.235,15.84,2.69999999999999,37,,2,167
Kyrgyzstan,2562,30,73.7081318681319,6524191,32.333,26.3,4.48899999999999,2.882,3393.47399999999,1.4,436.362,7.11000000000001,3.6,50.5,89.2200000000001,4.5,91
Laos,19,0,70.5358823529413,7275556,29.715,24.4,4.029,2.322,6397.35999999999,22.7,368.111000000001,4,7.3,51.1999999999999,49.839,1.5,85
Latvia,1098,28,0,1886202,31.212,43.9,19.754,14.136,25063.8459999999,0.700000000000001,350.06,4.91000000000001,25.5999999999999,51,,5.57,110
Lebanon,1473,32,48.5228313253011,6825442,594.561000000001,31.1,8.51399999999998,5.42999999999998,13367.565,0,266.591,12.71,26.9,40.6999999999999,,2.89999999999999,166
Lesotho,4,0,45.6176470588235,2142252,73.5619999999999,22.2,4.506,2.647,2851.153,59.6,405.126,3.94,0.4,53.9,2.117,,34
Liberia,509,33,69.4433333333334,5057677,49.127,19.2,3.057,1.756,752.788,38.5999999999999,272.508999999999,2.42,1.5,18.1,1.188,0.799999999999999,93
Libya,467,10,82.3529411764705,6871287,3.623,29,4.424,2.816,17881.509,,341.862,10.43,,,,3.69999999999999,85
Liechtenstein,83,1,0,38137,237.012,,,,,,,7.76999999999999,,,,2.397,99
Lithuania,1776,76,42.8655294117647,2722291,45.1350000000002,43.5,19.002,13.778,29524.265,0.700000000000002,342.989000000001,3.67,21.3000000000001,38,,6.55999999999997,170
Luxembourg,4075,110,36.5655214723927,625976,231.447,39.6999999999999,14.3119999999999,9.84200000000003,94277.9649999999,0.2,128.275,4.41999999999999,20.9000000000001,26,,4.50999999999999,163
Macedonia,4289,201,0,2083380,82.6000000000002,39.1000000000001,13.26,8.16000000000001,13111.214,5,322.688,10.08,,,,4.27999999999998,161
Madagascar,1317,12,65.3026966292135,27691019,43.951,19.6,2.929,1.686,1416.44,77.6000000000001,405.994,3.94,,,50.54,0.2,89
Malawi,564,6,52.0967105263158,19129955,197.519,18.1,2.97900000000001,1.783,1095.042,71.4,227.349,3.94,4.4,24.7,8.70399999999999,1.3,76
Malaysia,8505,121,44.6721176470588,32365998,96.2540000000004,29.9,6.293,3.407,26808.164,0.1,260.942,16.7399999999999,1,42.3999999999999,,1.9,170
Maldives,2094,8,0,540542,1454.433,30.5999999999999,4.12,2.875,15183.616,4.1,164.905,9.19000000000002,2.1,55,95.8029999999999,,100
Mali,1885,106,54.4845238095238,20250834,15.196,16.4,2.519,1.486,2014.306,47.8,268.024,2.42,1.6,23,52.232,0.1,84
Malta,656,9,0,441539,1454.037,42.4,19.426,11.324,36513.323,0.2,168.711,8.83000000000002,20.9,30.2,,4.48500000000001,103
Mauritania,2057,93,68.9297894736842,4649660,4.28899999999999,20.3,3.138,1.792,3597.63299999999,6,232.347,2.42,,,15.95,,95
Mauritius,337,10,74.1057777777777,1271767,622.962,37.4000000000001,10.945,5.884,20292.745,0.5,224.644,22.02,3.19999999999999,40.6999999999999,,3.4,90
Mexico,154863,18310,37.9399999999999,128932753,66.444,29.3000000000001,6.85699999999999,4.32100000000002,17336.469,2.5,152.783,13.06,6.9,21.4000000000001,87.8469999999999,1.38,170
Moldova,12254,423,79.1505000000002,4033963,123.655,37.5999999999999,10.864,6.95500000000001,5189.97200000001,0.2,408.502,5.72000000000002,5.89999999999999,44.6,86.9790000000001,5.8,100
Monaco,99,5,0,39244,19347.5,,,,,,,5.46000000000001,,,,13.8,158
Mongolia,197,0,60.528085106383,3278292,1.98,28.5999999999999,4.03100000000001,2.421,11840.846,0.5,460.043,4.81999999999999,5.5,46.5,71.1800000000001,7,94
Montenegro,326,9,0,628062,46.2800000000001,39.0999999999999,14.762,9.39499999999999,16409.288,1,387.305,10.08,44,47.9,,3.86099999999999,92
Montserrat,11,1,0,4999,,,,,,,,,,,,,88
Morocco,8921,212,62.788787878788,36910558,80.0799999999999,29.5999999999999,6.76900000000001,4.209,7485.01300000001,1,419.146,7.13999999999999,0.799999999999998,47.1000000000001,,1.1,132
Mozambique,638,4,56.0871264367816,31255435,37.728,17.7,3.15799999999999,1.87,1136.103,62.9,329.941999999999,3.30000000000001,5.10000000000001,29.1,12.227,0.700000000000001,87
Myanmar,262,6,62.495287356322,54409794,81.7209999999998,29.1,5.73200000000001,3.12,5591.59700000001,6.39999999999999,202.104,4.61000000000001,6.3,35.2,79.287,0.9,87
Namibia,34,0,59.4367368421053,2540916,3.078,22,3.552,2.085,9541.80799999999,13.4,243.811,3.94,9.70000000000002,34.2,44.6,,95
Nepal,6591,19,50.812411764706,29136808,204.43,25,5.80899999999999,3.21199999999999,2442.804,15,260.796999999999,7.25999999999999,9.5,37.8000000000001,47.7820000000001,0.299999999999999,170
Netherlands,49087,6070,38.9760588235295,17134873,508.544,43.1999999999999,18.779,11.881,48472.5449999999,0,109.361,5.28999999999999,24.4000000000001,27.3000000000001,,3.32,170
New Caledonia,21,0,0,285491,15.342,33.4000000000001,9.95399999999998,6.48899999999999,,,,23.36,,,,,89
New Zealand,1156,22,41.2026785714286,4822233,18.206,37.8999999999999,15.322,9.72000000000002,36085.8430000001,,128.797,8.08,14.8,17.2,,2.61000000000001,168
Nicaragua,1823,64,11.3851648351648,6624554,51.667,27.3,5.44499999999999,3.519,5321.44400000001,3.19999999999999,137.016,11.47,,,,0.9,91
Niger,1016,66,45.5978651685393,24206636,16.955,15.1,2.553,1.378,926,44.5,238.339,2.42,0.1,15.4,8.97799999999999,0.3,89
Nigeria,17148,455,46.4518238993712,206139587,209.588,18.0999999999999,2.75099999999999,1.447,5338.45400000002,47.8,181.013,2.42,0.599999999999999,10.8,41.9489999999999,,159
Northern Mariana Islands,30,2,0,57557,119.878,,,,,,194.994,,,,,,79
Norway,8631,242,36.4050588235294,5421242,14.462,39.6999999999999,16.8209999999999,10.813,64800.057,0.2,114.316,5.30999999999998,19.5999999999999,20.6999999999999,,3.60000000000001,170
Oman,25269,114,52.4774390243902,5106622,14.98,30.6999999999999,2.355,1.53,37960.7089999999,,266.342,12.61,0.5,15.6,97.3999999999998,1.6,164
Pakistan,154760,2975,47.8503636363637,220892331,255.572999999999,23.5,4.495,2.77999999999999,5034.70799999999,4,423.031000000001,8.34999999999999,2.80000000000001,36.6999999999999,59.607,0.599999999999999,165
Palestine,690,5,82.4556435643566,5101416,778.202,20.4,3.043,1.726,4449.89799999999,1,265.91,10.59,,,,,101
Panama,21962,457,80.7194059405942,4314768,55.1329999999999,29.7,7.91800000000001,5.02999999999999,22267.037,2.2,128.346,8.33000000000001,2.4,9.89999999999998,,2.3,101
Papua New Guinea,8,0,54.0944943820225,8947027,18.22,22.6,3.808,2.142,3823.194,28.4,561.493999999999,17.65,23.5,48.8000000000001,,,89
Paraguay,1303,13,79.4841747572814,7132530,17.144,26.5,6.378,3.83300000000001,8827.01000000001,1.7,199.128,8.26999999999999,5,21.6,79.6019999999999,1.3,103
Peru,237156,7056,80.4043396226416,32971846,25.1289999999999,29.0999999999999,7.15099999999999,4.455,12236.706,3.5,85.755,5.95,4.80000000000001,,,1.6,106
Philippines,26781,1103,59.0422891566266,109581085,351.873,25.1999999999999,4.803,2.661,7599.188,8.3,370.436999999999,7.07000000000001,7.79999999999998,40.8000000000001,78.4629999999999,1,166
Poland,30195,1272,63.7747663551402,37846605,124.027,41.8000000000001,16.763,10.202,27216.445,0,227.331,5.91,23.3,33.0999999999999,,6.62,107
Portugal,37336,1522,66.1415596330276,10196707,112.371,46.1999999999999,21.502,14.924,27936.896,0.5,127.842,9.85000000000001,16.3,30,,3.38999999999999,109
Puerto Rico,5951,147,77.325487804878,2860840,376.232,38.2,15.168,9.82899999999999,35044.67,,108.094,12.9,,,,,82
Qatar,82077,80,49.1290963855422,2881060,227.322,31.9,1.307,0.617000000000001,116935.6,,176.69,16.52,0.799999999999998,26.9,,1.2,166
Romania,22415,1437,44.0978571428571,19237682,85.1290000000003,43,17.8499999999999,11.69,23313.199,5.70000000000002,370.946000000002,9.74000000000001,22.9000000000001,37.1000000000001,,6.89200000000003,168
Russia,545458,7284,43.1700588235294,145934460,8.82300000000002,39.6000000000001,14.178,9.39300000000002,24765.9539999999,0.1,431.297,6.17999999999998,23.4000000000001,58.3,,8.04999999999997,170
Rwanda,636,2,65.7242105263156,12952209,494.868999999999,20.3,2.97399999999999,1.642,1854.211,56,191.375,4.27999999999999,4.69999999999999,21,4.61700000000001,,95
Saint Kitts and Nevis,15,0,0,53192,212.865,,,,24654.385,,,12.84,,,,2.3,84
Saint Lucia,19,0,0,183629,293.187000000001,34.9000000000001,9.721,6.40499999999998,12951.839,,204.62,11.62,,,87.2020000000002,1.3,95
Saint Vincent and the Grenadines,29,0,0,110947,281.787,31.8,7.72400000000001,4.83199999999999,10727.146,,252.675,11.62,,,,2.6,86
San Marino,694,42,46.1870414201183,33938,556.667000000001,,,,56861.47,,,5.63999999999999,,,,3.8,169
Sao Tome and Principe,671,12,0,219161,212.841,18.7,2.886,2.162,3052.714,32.3,270.113,2.42,,,41.34,2.9,70
Saudi Arabia,136315,1052,76.1750000000001,34813867,15.322,31.9000000000001,3.295,1.845,49045.411,,259.538,17.72,1.8,25.4,,2.69999999999999,104
Senegal,5247,70,61.2401851851853,16743930,82.3280000000002,18.7,3.008,1.796,2470.57999999999,38,241.219,2.41999999999999,0.399999999999999,16.6,20.859,,108
Serbia,12426,256,65.3231858407081,6804596,80.291,41.1999999999999,17.366,,14048.881,0.1,439.415000000001,10.08,37.6999999999999,40.1999999999999,97.7189999999998,5.609,113
Seychelles,11,0,58.2942105263157,98340,208.354,36.1999999999999,8.606,5.58600000000001,26382.287,1.1,242.648,10.55,7.10000000000001,35.6999999999999,,3.6,95
Sierra Leone,1225,51,66.9405128205128,7976985,104.7,19.1,2.538,1.285,1390.3,52.1999999999999,325.721,2.42,8.79999999999999,41.3,19.275,,78
Singapore,40969,26,45.6922352941175,5850343,7915.731,42.3999999999999,12.922,7.04899999999999,85535.3829999999,,92.2430000000003,10.99,5.20000000000001,28.3000000000001,,2.39999999999999,170
Sint Maarten (Dutch part),77,15,0,42882,1209.088,,,,36327.232,,,,,,,,84
Slovakia,1552,28,64.9336274509803,5459643,113.128,41.1999999999999,15.07,9.16700000000001,30155.1519999999,0.700000000000001,287.959,7.29,23.1,37.6999999999999,,5.82,102
Slovenia,1509,109,58.9238461538462,2078932,102.619,44.5,19.062,12.93,31400.84,,153.493,7.25,20.1,25,,4.5,104
Somalia,2658,88,49.7841935483871,15893219,23.5,16.8,2.731,1.496,,,365.769,6.05,,,9.83100000000001,0.9,93
South Africa,76334,1625,53.7742424242425,59308690,46.7539999999999,27.3000000000001,5.34400000000001,3.053,12294.876,18.9,200.38,5.51999999999999,8.10000000000001,33.1999999999999,43.9930000000001,2.31999999999999,132
South Korea,12198,279,41.0191764705883,51269183,527.967,43.3999999999999,13.914,8.62200000000001,35938.3739999999,0.2,85.9979999999997,6.79999999999998,6.20000000000002,40.8999999999999,,12.27,170
South Sudan,1776,30,77.1543835616437,11193729,,19.2,3.441,2.032,1569.888,73.3,280.775,10.43,,,,,73
Spain,244328,27136,45.4913017751479,46754783,93.1049999999997,45.5,19.436,13.799,34272.3600000001,1,99.4030000000001,7.17,27.4,31.4,,2.97000000000001,169
Sri Lanka,1915,11,47.9922360248447,21413250,341.955000000001,34.1,10.069,5.33100000000001,11669.077,0.700000000000002,197.093000000001,10.68,0.299999999999999,27,,3.60000000000001,161
Sudan,7740,477,76.2165625,43849269,23.258,19.7,3.548,2.034,4466.507,7.7,431.388,15.67,,,23.437,0.799999999999999,96
Suriname,236,6,72.1927777777778,586634,3.612,29.5999999999999,6.93299999999999,4.229,13767.119,18.8,258.314,12.54,7.39999999999999,42.9000000000001,67.7790000000002,3.1,90
Swaziland,520,4,79.883157894737,1160164,79.4920000000001,21.5,3.16300000000001,1.845,7738.97499999999,,333.436000000001,3.94,1.7,16.5,24.097,2.1,95
Sweden,53323,4939,21.2974705882353,10099270,24.7179999999999,41,19.985,13.433,46949.2829999999,0.5,133.982,4.78999999999999,18.8,18.9000000000001,,2.22000000000001,170
Switzerland,31063,1677,38.7188235294117,8654618,214.243,43.1000000000001,18.436,12.644,57410.166,0,99.7389999999998,5.59000000000001,22.5999999999999,28.9,,4.52999999999998,170
Syria,177,6,67.7417241379311,17500657,,21.7,,2.577,,21.2,376.263999999999,,,,70.598,1.5,87
Taiwan,445,7,22.4037278106509,23816775,,42.1999999999999,,8.353,,,103.957,,,,,,169
Tajikistan,5160,50,38.0416666666667,9537642,64.281,23.3,3.466,2.155,2896.913,4.8,427.698,7.11000000000001,,,72.7040000000001,4.8,48
Tanzania,509,21,40.5904301075269,59734213,64.6989999999999,17.7,3.108,1.874,2683.304,49.1,217.288,5.75,3.30000000000001,26.7,47.953,0.700000000000001,93
Thailand,3135,58,39.9087116564417,69799978,135.132,40.1000000000001,11.373,6.89,16277.671,0.1,109.861,7.03999999999999,1.9,38.8000000000001,90.6700000000001,2.1,163
Timor,24,0,56.0101136363636,1318442,87.1760000000002,18,3.556,1.897,6570.10200000001,30.3,335.346,6.86000000000001,6.3,78.1000000000001,28.178,5.89999999999999,88
Togo,537,13,8.82489583333333,8278737,143.366,19.4,2.839,1.525,1429.813,49.1999999999999,280.033,6.14999999999999,0.900000000000001,14.2,10.475,0.700000000000001,96
Trinidad and Tobago,123,8,71.3350515463917,1399491,266.886,36.1999999999999,10.014,5.819,28763.071,0.6,228.467,10.97,,,89.4430000000001,3,97
Tunisia,1125,49,72.9185148514851,11818618,74.2280000000001,32.6999999999999,8.00099999999999,5.07499999999999,10849.297,2,318.991000000001,8.51999999999999,1.1,65.8000000000001,78.6869999999999,2.3,101
Turkey,181298,4842,70.0166666666667,84339067,104.914,31.5999999999999,8.15300000000001,5.06099999999999,25129.341,0.2,171.285,12.13,14.1,41.0999999999999,,2.81,96
Turks and Caicos Islands,12,1,0,38718,37.3119999999999,,,,,,,,,,,,85
Uganda,724,0,79.5029545454546,45741000,213.759,16.4,2.168,1.308,1697.707,41.5999999999999,213.333,2.5,3.4,16.7,21.222,0.5,88
Ukraine,32476,912,79.2041666666667,43733759,77.3900000000001,41.4000000000001,16.462,11.133,7894.39300000001,0.1,539.849,7.11000000000001,13.5,47.4,,8.79999999999999,96
United Arab Emirates,42982,293,45.0988414634146,9890400,112.441999999999,34,1.144,0.526,67293.4829999998,,317.839999999999,17.2600000000001,1.2,37.3999999999999,,1.2,164
United Kingdom,298136,41969,38.2145294117647,67886004,272.898000000001,40.8000000000001,18.517,12.527,39753.244,0.2,122.137,4.27999999999998,20,24.6999999999999,,2.54000000000001,170
United States,2137731,116963,41.3319999999999,331002647,35.6080000000001,38.3000000000001,15.413,9.73199999999999,54225.4460000002,1.2,151.089,10.79,19.0999999999999,24.5999999999999,,2.76999999999999,170
United States Virgin Islands,73,6,0,104423,306.48,42.1999999999999,18.601,10.799,,,273.669999999999,12.26,,,,,85
Uruguay,849,24,60.1163157894737,3473727,19.751,35.5999999999999,14.655,10.361,20551.409,0.1,160.708,6.92999999999999,14,19.9,,2.8,95
Uzbekistan,5561,19,78.8665957446808,33469199,76.134,28.2,4.469,2.873,6253.104,14,724.417000000001,7.57000000000001,1.3,24.7,,4,94
Vatican,12,0,0,809,,,,,,,,,,,,,95
Venezuela,3150,27,78.0919999999998,28435943,36.253,29,6.614,3.915,16745.022,8.9,204.85,6.47000000000002,,,,0.799999999999999,95
Vietnam,335,0,50.6830588235294,97338583,308.127,32.6000000000001,7.15,4.71799999999999,6171.88399999999,2,245.464999999999,6,1,45.8999999999999,85.8469999999999,2.60000000000001,170
Western Sahara,23,1,0,597330,,28.4,,1.38,,,,,,,,,53
Yemen,889,215,44.9260869565217,29825968,53.5079999999999,20.3,2.922,1.583,1479.147,40.9,495.003,5.35000000000001,7.60000000000001,29.2,49.542,0.700000000000001,69
Zambia,1405,11,46.1092307692307,18383956,22.9949999999999,17.7,2.48,1.542,3689.25099999999,57.5,234.499,3.94,3.1,24.7,13.938,2,91
Zimbabwe,394,4,71.3461797752809,14862927,42.7289999999999,19.6,2.822,1.882,1899.775,21.4,307.846,1.82,1.6,30.7,36.791,1.7,89
